/*
Navicat MySQL Data Transfer

Source Server         : localhost_3306
Source Server Version : 50051
Source Host           : localhost:3306
Source Database       : jpkc_db

Target Server Type    : MYSQL
Target Server Version : 50051
File Encoding         : 65001

Date: 2019-07-25 20:08:29
*/

SET FOREIGN_KEY_CHECKS=0;

-- ----------------------------
-- Table structure for `admin`
-- ----------------------------
DROP TABLE IF EXISTS `admin`;
CREATE TABLE `admin` (
  `username` varchar(20) NOT NULL default '',
  `password` varchar(32) default NULL,
  PRIMARY KEY  (`username`)
) ENGINE=InnoDB DEFAULT CHARSET=utf8;

-- ----------------------------
-- Records of admin
-- ----------------------------
INSERT INTO `admin` VALUES ('a', 'a');

-- ----------------------------
-- Table structure for `t_classinfo`
-- ----------------------------
DROP TABLE IF EXISTS `t_classinfo`;
CREATE TABLE `t_classinfo` (
  `classNo` varchar(20) NOT NULL COMMENT 'classNo',
  `className` varchar(20) NOT NULL COMMENT '班级名称',
  `bornDate` varchar(20) default NULL COMMENT '成立日期',
  `mainTeacher` varchar(20) NOT NULL COMMENT '班主任',
  `classMemo` varchar(800) default NULL COMMENT '班级备注',
  PRIMARY KEY  (`classNo`)
) ENGINE=InnoDB DEFAULT CHARSET=utf8;

-- ----------------------------
-- Records of t_classinfo
-- ----------------------------
INSERT INTO `t_classinfo` VALUES ('BJ001', '计算机3班', '2019-04-04', '王贤', '搞it的班级');
INSERT INTO `t_classinfo` VALUES ('BJ002', '电子技术1班', '2019-04-01', '李明清', '搞电子技术的班级');

-- ----------------------------
-- Table structure for `t_course`
-- ----------------------------
DROP TABLE IF EXISTS `t_course`;
CREATE TABLE `t_course` (
  `courseNo` varchar(20) NOT NULL COMMENT 'courseNo',
  `courseName` varchar(20) NOT NULL COMMENT '课程名称',
  `coursePhoto` varchar(60) NOT NULL COMMENT '课程图片',
  `teacherObj` varchar(20) NOT NULL COMMENT '上课老师',
  `courseHours` int(11) NOT NULL COMMENT '课程学时',
  `jxff` varchar(500) NOT NULL COMMENT '教学大纲',
  `kcjj` varchar(800) NOT NULL COMMENT '课程简介',
  PRIMARY KEY  (`courseNo`),
  KEY `teacherObj` (`teacherObj`),
  CONSTRAINT `t_course_ibfk_1` FOREIGN KEY (`teacherObj`) REFERENCES `t_teacher` (`teacherNo`)
) ENGINE=InnoDB DEFAULT CHARSET=utf8;

-- ----------------------------
-- Records of t_course
-- ----------------------------
INSERT INTO `t_course` VALUES ('KC001', '心理课程1', 'upload/834d5bbd-06bc-4d2a-8baa-13c242450391.jpg', 'TH001', '32', '心理课程', '心理课程');
INSERT INTO `t_course` VALUES ('KC002', '心理课程2', 'upload/476588f8-f08f-4d75-9736-e344521f2315.jpg', 'TH001', '40', '心理课程2', '心理课程2');

-- ----------------------------
-- Table structure for `t_homework`
-- ----------------------------
DROP TABLE IF EXISTS `t_homework`;
CREATE TABLE `t_homework` (
  `homeworkId` int(11) NOT NULL auto_increment COMMENT '作业id',
  `courseObj` varchar(20) NOT NULL COMMENT '作业课程',
  `taskTitle` varchar(20) NOT NULL COMMENT '作业任务',
  `taskContent` varchar(800) NOT NULL COMMENT '作业要求',
  `taskFile` varchar(60) NOT NULL COMMENT '作业文件',
  `homeworkDate` varchar(20) default NULL COMMENT '作业日期',
  PRIMARY KEY  (`homeworkId`),
  KEY `courseObj` (`courseObj`),
  CONSTRAINT `t_homework_ibfk_1` FOREIGN KEY (`courseObj`) REFERENCES `t_course` (`courseNo`)
) ENGINE=InnoDB AUTO_INCREMENT=3 DEFAULT CHARSET=utf8;

-- ----------------------------
-- Records of t_homework
-- ----------------------------
INSERT INTO `t_homework` VALUES ('1', 'KC001', '完成第2章php基础作业', '打开教科书第58页，完成第3题，编写一个for循环计算从1加到100，测试好后发到老师邮箱sfafs@163.com', 'upload/4c29a40c-fb1d-4058-be78-7465181a2073.doc', '2019-04-09');
INSERT INTO `t_homework` VALUES ('2', 'KC002', '4月13日HTML5家庭作业', '请同学们利用HTML5的画布Canva实现常见几何图形的绘制，结果发到老师邮箱', 'upload/438f82df-cd62-4e44-8bed-03955898e448.doc', '2019-04-13');

-- ----------------------------
-- Table structure for `t_kejian`
-- ----------------------------
DROP TABLE IF EXISTS `t_kejian`;
CREATE TABLE `t_kejian` (
  `kejianId` int(11) NOT NULL auto_increment COMMENT '课件id',
  `title` varchar(60) NOT NULL COMMENT '课件标题',
  `courseObj` varchar(20) NOT NULL COMMENT '所属课程',
  `kejianDesc` varchar(800) NOT NULL COMMENT '课件描述',
  `kejianFile` varchar(60) NOT NULL COMMENT '课件文件',
  `addTime` varchar(20) default NULL COMMENT '发布时间',
  PRIMARY KEY  (`kejianId`),
  KEY `courseObj` (`courseObj`),
  CONSTRAINT `t_kejian_ibfk_1` FOREIGN KEY (`courseObj`) REFERENCES `t_course` (`courseNo`)
) ENGINE=InnoDB AUTO_INCREMENT=3 DEFAULT CHARSET=utf8;

-- ----------------------------
-- Records of t_kejian
-- ----------------------------
INSERT INTO `t_kejian` VALUES ('1', 'PHP开发基础for循环讲解课件', 'KC001', 'PHP开发基础for循环讲解课件，PHP开发基础for循环讲解课件，PHP开发基础for循环讲解课件，PHP开发基础for循环讲解课件，PHP开发基础for循环讲解课件，PHP开发基础for循环讲解课件', 'upload/2e999695-3996-4593-88cf-8a89ab11e598.ppt', '2019-04-09 10:33:03');
INSERT INTO `t_kejian` VALUES ('2', 'HTML5获取用户定位课件', 'KC002', 'HTML5获取用户定位课件，HTML5获取用户定位课件，HTML5获取用户定位课件，HTML5获取用户定位课件，HTML5获取用户定位课件，HTML5获取用户定位课件，HTML5获取用户定位课件，HTML5获取用户定位课件', 'upload/e307ad7b-4f71-4b95-9056-5d302a4397a8.ppt', '2019-04-14 00:56:48');

-- ----------------------------
-- Table structure for `t_leaveword`
-- ----------------------------
DROP TABLE IF EXISTS `t_leaveword`;
CREATE TABLE `t_leaveword` (
  `leaveWordId` int(11) NOT NULL auto_increment COMMENT '留言id',
  `leaveTitle` varchar(80) NOT NULL COMMENT '留言问题',
  `leaveContent` varchar(2000) NOT NULL COMMENT '留言内容',
  `userObj` varchar(30) NOT NULL COMMENT '留言人',
  `leaveTime` varchar(20) default NULL COMMENT '留言时间',
  `replyContent` varchar(1000) default NULL COMMENT '答疑回复',
  `replyTime` varchar(20) default NULL COMMENT '答疑时间',
  PRIMARY KEY  (`leaveWordId`),
  KEY `userObj` (`userObj`),
  CONSTRAINT `t_leaveword_ibfk_1` FOREIGN KEY (`userObj`) REFERENCES `t_student` (`user_name`)
) ENGINE=InnoDB AUTO_INCREMENT=3 DEFAULT CHARSET=utf8;

-- ----------------------------
-- Records of t_leaveword
-- ----------------------------
INSERT INTO `t_leaveword` VALUES ('1', '老师我最近常失眠', '怎么办呢，经常失眠啊', 'STU001', '2019-04-27 20:54:07', '你可以学习下心理学', '2019-07-25 20:02:46');
INSERT INTO `t_leaveword` VALUES ('2', '为什么经常不顺？', '为什么担心的事情总会发生？', 'STU001', '2019-04-27 20:54:13', '因为你太看重了，放松下心理', '2019-07-25 20:03:32');

-- ----------------------------
-- Table structure for `t_notice`
-- ----------------------------
DROP TABLE IF EXISTS `t_notice`;
CREATE TABLE `t_notice` (
  `noticeId` int(11) NOT NULL auto_increment COMMENT '公告id',
  `title` varchar(80) NOT NULL COMMENT '标题',
  `content` varchar(5000) NOT NULL COMMENT '公告内容',
  `publishDate` varchar(20) default NULL COMMENT '发布时间',
  PRIMARY KEY  (`noticeId`)
) ENGINE=InnoDB AUTO_INCREMENT=3 DEFAULT CHARSET=utf8;

-- ----------------------------
-- Records of t_notice
-- ----------------------------
INSERT INTO `t_notice` VALUES ('1', '心理网站成立了', '<p>心理网站成立了</p>', '2019-04-27 20:54:53');
INSERT INTO `t_notice` VALUES ('2', '失眠厉害', '<p>根据调查结果统计，失眠很厉害的人，很容易得抑郁症</p>', '2019-04-27 20:57:49');

-- ----------------------------
-- Table structure for `t_student`
-- ----------------------------
DROP TABLE IF EXISTS `t_student`;
CREATE TABLE `t_student` (
  `user_name` varchar(30) NOT NULL COMMENT 'user_name',
  `password` varchar(30) NOT NULL COMMENT '登录密码',
  `classObj` varchar(20) NOT NULL COMMENT '所在班级',
  `name` varchar(20) NOT NULL COMMENT '姓名',
  `gender` varchar(4) NOT NULL COMMENT '性别',
  `birthDate` varchar(20) default NULL COMMENT '出生日期',
  `userPhoto` varchar(60) NOT NULL COMMENT '用户照片',
  `telephone` varchar(20) NOT NULL COMMENT '联系电话',
  `email` varchar(50) NOT NULL COMMENT '邮箱',
  `address` varchar(80) default NULL COMMENT '家庭地址',
  `regTime` varchar(20) default NULL COMMENT '注册时间',
  PRIMARY KEY  (`user_name`),
  KEY `classObj` (`classObj`),
  CONSTRAINT `t_student_ibfk_1` FOREIGN KEY (`classObj`) REFERENCES `t_classinfo` (`classNo`)
) ENGINE=InnoDB DEFAULT CHARSET=utf8;

-- ----------------------------
-- Records of t_student
-- ----------------------------
INSERT INTO `t_student` VALUES ('STU001', '123', 'BJ001', '李微梦', '女', '2019-03-27', 'upload/75a82242-c2be-41f3-bba3-14e7a1f60198.jpg', '13908095024', 'weimeng@163.com', '四川成都红星路', '2019-04-27 19:25:46');
INSERT INTO `t_student` VALUES ('STU002', '123', 'BJ002', '王晓雪', '女', '2019-04-04', 'upload/f75a7e49-29b1-43b4-9fc5-c5ec44059c06.jpg', '13539842343', 'xiaoxue@163.com', '福建福州海阳路12号', '2019-04-27 19:25:52');

-- ----------------------------
-- Table structure for `t_teacher`
-- ----------------------------
DROP TABLE IF EXISTS `t_teacher`;
CREATE TABLE `t_teacher` (
  `teacherNo` varchar(20) NOT NULL COMMENT 'teacherNo',
  `password` varchar(20) NOT NULL COMMENT '登录密码',
  `teacherName` varchar(20) NOT NULL COMMENT '教师姓名',
  `teacherSex` varchar(4) NOT NULL COMMENT '教师性别',
  `teacherPhoto` varchar(60) NOT NULL COMMENT '教师照片',
  `comeDate` varchar(20) default NULL COMMENT '入职日期',
  `teacherDesc` varchar(8000) NOT NULL COMMENT '教师介绍',
  PRIMARY KEY  (`teacherNo`)
) ENGINE=InnoDB DEFAULT CHARSET=utf8;

-- ----------------------------
-- Records of t_teacher
-- ----------------------------
INSERT INTO `t_teacher` VALUES ('TH001', '123', '心理老师 1', '男', 'upload/c0763bc9-8802-499c-b7c5-b03689e67ea6.jpg', '2019-04-27', '<p>心理老师&nbsp; &nbsp; &nbsp; &nbsp;1</p>');
INSERT INTO `t_teacher` VALUES ('TH002', '123', '心理老师2', '女', 'upload/c044bc36-1065-4e73-a513-aa78a2bbc8aa.jpg', '2019-04-27', '<p>心理老师2<br/></p>');

-- ----------------------------
-- Table structure for `t_video`
-- ----------------------------
DROP TABLE IF EXISTS `t_video`;
CREATE TABLE `t_video` (
  `videoId` int(11) NOT NULL auto_increment COMMENT '视频id',
  `title` varchar(60) NOT NULL COMMENT '视频标题',
  `courseObj` varchar(20) NOT NULL COMMENT '所属课程',
  `videoDesc` varchar(800) NOT NULL COMMENT '视频介绍',
  `videoFile` varchar(60) NOT NULL COMMENT '视频文件',
  `videoTime` varchar(20) default NULL COMMENT '录制时间',
  PRIMARY KEY  (`videoId`),
  KEY `courseObj` (`courseObj`),
  CONSTRAINT `t_video_ibfk_1` FOREIGN KEY (`courseObj`) REFERENCES `t_course` (`courseNo`)
) ENGINE=InnoDB AUTO_INCREMENT=3 DEFAULT CHARSET=utf8;

-- ----------------------------
-- Records of t_video
-- ----------------------------
INSERT INTO `t_video` VALUES ('1', '心理测试资料1', 'KC001', '心理测试介绍1111', 'upload/b5ffbe1a-1b24-443f-bdb7-c401643169a5.mp4', '2019-04-27 20:54:20');
INSERT INTO `t_video` VALUES ('2', '心理测试资料22', 'KC002', '心理测试介绍22', 'upload/b5ffbe1a-1b24-443f-bdb7-c401643169a5.mp4', '2019-04-27 20:54:25');

-- ----------------------------
-- Table structure for `t_xiti`
-- ----------------------------
DROP TABLE IF EXISTS `t_xiti`;
CREATE TABLE `t_xiti` (
  `xitiId` int(11) NOT NULL auto_increment COMMENT '习题id',
  `courseObj` varchar(20) NOT NULL COMMENT '所属课程',
  `title` varchar(50) NOT NULL COMMENT '习题标题',
  `content` varchar(20000) NOT NULL COMMENT '习题内容',
  `xitiTime` varchar(20) default NULL COMMENT '添加时间',
  PRIMARY KEY  (`xitiId`),
  KEY `courseObj` (`courseObj`),
  CONSTRAINT `t_xiti_ibfk_1` FOREIGN KEY (`courseObj`) REFERENCES `t_course` (`courseNo`)
) ENGINE=InnoDB AUTO_INCREMENT=3 DEFAULT CHARSET=utf8;

-- ----------------------------
-- Records of t_xiti
-- ----------------------------
INSERT INTO `t_xiti` VALUES ('1', 'KC001', '心理抑郁测试', '<p style=\"margin-top: 20px; margin-bottom: 20px; padding: 0px; color: rgb(51, 51, 51); font-family: &quot;Microsoft Yahei&quot;, 微软雅黑, arial, 宋体, sans-serif; text-align: justify; white-space: normal; background-color: rgb(255, 255, 255);\"><strong>1 你是否经常失眠呢？</strong></p><p style=\"margin-top: 20px; margin-bottom: 20px; padding: 0px; color: rgb(51, 51, 51); font-family: &quot;Microsoft Yahei&quot;, 微软雅黑, arial, 宋体, sans-serif; text-align: justify; white-space: normal; background-color: rgb(255, 255, 255);\"><strong><strong style=\"color: rgb(51, 51, 51); font-family: &quot;Microsoft Yahei&quot;, 微软雅黑, arial, 宋体, sans-serif; text-align: justify; white-space: normal;\">2 你是否感觉生活没有希望呢？</strong></strong></p><p style=\"margin-top: 20px; margin-bottom: 20px; padding: 0px; color: rgb(51, 51, 51); font-family: &quot;Microsoft Yahei&quot;, 微软雅黑, arial, 宋体, sans-serif; text-align: justify; white-space: normal; background-color: rgb(255, 255, 255);\"><strong><strong style=\"color: rgb(51, 51, 51); font-family: &quot;Microsoft Yahei&quot;, 微软雅黑, arial, 宋体, sans-serif; text-align: justify; white-space: normal;\">3 你是否觉得自己可有可无？</strong></strong></p><p style=\"margin-top: 20px; margin-bottom: 20px; padding: 0px; color: rgb(51, 51, 51); font-family: &quot;Microsoft Yahei&quot;, 微软雅黑, arial, 宋体, sans-serif; text-align: justify; white-space: normal; background-color: rgb(255, 255, 255);\"><strong><strong style=\"color: rgb(51, 51, 51); font-family: &quot;Microsoft Yahei&quot;, 微软雅黑, arial, 宋体, sans-serif; text-align: justify; white-space: normal;\"><strong style=\"color: rgb(51, 51, 51); font-family: &quot;Microsoft Yahei&quot;, 微软雅黑, arial, 宋体, sans-serif; text-align: justify; white-space: normal;\">4 对自己容貌自信嘛</strong></strong></strong></p><p style=\"margin-top: 20px; margin-bottom: 20px; padding: 0px; color: rgb(51, 51, 51); font-family: &quot;Microsoft Yahei&quot;, 微软雅黑, arial, 宋体, sans-serif; text-align: justify; white-space: normal; background-color: rgb(255, 255, 255);\"><br/></p><p style=\"margin-top: 20px; margin-bottom: 20px; padding: 0px; color: rgb(51, 51, 51); font-family: &quot;Microsoft Yahei&quot;, 微软雅黑, arial, 宋体, sans-serif; text-align: justify; white-space: normal; background-color: rgb(255, 255, 255);\"><strong><strong style=\"color: rgb(51, 51, 51); font-family: &quot;Microsoft Yahei&quot;, 微软雅黑, arial, 宋体, sans-serif; text-align: justify; white-space: normal;\"><strong style=\"color: rgb(51, 51, 51); font-family: &quot;Microsoft Yahei&quot;, 微软雅黑, arial, 宋体, sans-serif; text-align: justify; white-space: normal;\"><br/></strong></strong></strong></p><p style=\"margin-top: 20px; margin-bottom: 20px; padding: 0px; color: rgb(51, 51, 51); font-family: &quot;Microsoft Yahei&quot;, 微软雅黑, arial, 宋体, sans-serif; text-align: justify; white-space: normal; background-color: rgb(255, 255, 255);\">1 答:没有 0分 有 1分</p><p style=\"margin-top: 20px; margin-bottom: 20px; padding: 0px; color: rgb(51, 51, 51); font-family: &quot;Microsoft Yahei&quot;, 微软雅黑, arial, 宋体, sans-serif; text-align: justify; white-space: normal; background-color: rgb(255, 255, 255);\">2答: 是 1分 否0分</p><p style=\"margin-top: 20px; margin-bottom: 20px; padding: 0px; color: rgb(51, 51, 51); font-family: &quot;Microsoft Yahei&quot;, 微软雅黑, arial, 宋体, sans-serif; text-align: justify; white-space: normal; background-color: rgb(255, 255, 255);\">3 答：<span style=\"color: rgb(51, 51, 51); font-family: &quot;Microsoft Yahei&quot;, 微软雅黑, arial, 宋体, sans-serif; text-align: justify; background-color: rgb(255, 255, 255);\">是 1分 否0分</span></p><p style=\"margin-top: 20px; margin-bottom: 20px; padding: 0px; color: rgb(51, 51, 51); font-family: &quot;Microsoft Yahei&quot;, 微软雅黑, arial, 宋体, sans-serif; text-align: justify; white-space: normal; background-color: rgb(255, 255, 255);\">4 答:<span style=\"color: rgb(51, 51, 51); font-family: &quot;Microsoft Yahei&quot;, 微软雅黑, arial, 宋体, sans-serif; text-align: justify; background-color: rgb(255, 255, 255);\">是 0分 否1分</span></p><p style=\"margin-top: 20px; margin-bottom: 20px; padding: 0px; color: rgb(51, 51, 51); font-family: &quot;Microsoft Yahei&quot;, 微软雅黑, arial, 宋体, sans-serif; text-align: justify; white-space: normal; background-color: rgb(255, 255, 255);\">当你得分越高说明你忧郁症越加严重<br/></p>', '2019-04-27 20:53:40');
INSERT INTO `t_xiti` VALUES ('2', 'KC002', '心理测试题2', '<p style=\"margin-top: 20px; margin-bottom: 20px; white-space: normal; padding: 0px; color: rgb(51, 51, 51); font-family: &quot;Microsoft Yahei&quot;, 微软雅黑, arial, 宋体, sans-serif; text-align: justify; background-color: rgb(255, 255, 255);\"><strong>1 你是否经常失眠呢？</strong></p><p style=\"margin-top: 20px; margin-bottom: 20px; white-space: normal; padding: 0px; color: rgb(51, 51, 51); font-family: &quot;Microsoft Yahei&quot;, 微软雅黑, arial, 宋体, sans-serif; text-align: justify; background-color: rgb(255, 255, 255);\"><strong>2 你是否感觉生活没有希望呢？</strong></p><p style=\"margin-top: 20px; margin-bottom: 20px; white-space: normal; padding: 0px; color: rgb(51, 51, 51); font-family: &quot;Microsoft Yahei&quot;, 微软雅黑, arial, 宋体, sans-serif; text-align: justify; background-color: rgb(255, 255, 255);\"><strong>3 你是否觉得自己可有可无？</strong></p><p style=\"margin-top: 20px; margin-bottom: 20px; white-space: normal; padding: 0px; color: rgb(51, 51, 51); font-family: &quot;Microsoft Yahei&quot;, 微软雅黑, arial, 宋体, sans-serif; text-align: justify; background-color: rgb(255, 255, 255);\"><strong>4 对自己容貌自信嘛</strong></p><p style=\"margin-top: 20px; margin-bottom: 20px; white-space: normal; padding: 0px; color: rgb(51, 51, 51); font-family: &quot;Microsoft Yahei&quot;, 微软雅黑, arial, 宋体, sans-serif; text-align: justify; background-color: rgb(255, 255, 255);\"><br/></p><p style=\"margin-top: 20px; margin-bottom: 20px; white-space: normal; padding: 0px; color: rgb(51, 51, 51); font-family: &quot;Microsoft Yahei&quot;, 微软雅黑, arial, 宋体, sans-serif; text-align: justify; background-color: rgb(255, 255, 255);\"><strong><br/></strong></p><p style=\"margin-top: 20px; margin-bottom: 20px; white-space: normal; padding: 0px; color: rgb(51, 51, 51); font-family: &quot;Microsoft Yahei&quot;, 微软雅黑, arial, 宋体, sans-serif; text-align: justify; background-color: rgb(255, 255, 255);\">1 答:没有 0分 有 1分</p><p style=\"margin-top: 20px; margin-bottom: 20px; white-space: normal; padding: 0px; color: rgb(51, 51, 51); font-family: &quot;Microsoft Yahei&quot;, 微软雅黑, arial, 宋体, sans-serif; text-align: justify; background-color: rgb(255, 255, 255);\">2答: 是 1分 否0分</p><p style=\"margin-top: 20px; margin-bottom: 20px; white-space: normal; padding: 0px; color: rgb(51, 51, 51); font-family: &quot;Microsoft Yahei&quot;, 微软雅黑, arial, 宋体, sans-serif; text-align: justify; background-color: rgb(255, 255, 255);\">3 答：是 1分 否0分</p><p style=\"margin-top: 20px; margin-bottom: 20px; white-space: normal; padding: 0px; color: rgb(51, 51, 51); font-family: &quot;Microsoft Yahei&quot;, 微软雅黑, arial, 宋体, sans-serif; text-align: justify; background-color: rgb(255, 255, 255);\">4 答:是 0分 否1分</p><p style=\"margin-top: 20px; margin-bottom: 20px; white-space: normal; padding: 0px; color: rgb(51, 51, 51); font-family: &quot;Microsoft Yahei&quot;, 微软雅黑, arial, 宋体, sans-serif; text-align: justify; background-color: rgb(255, 255, 255);\">当你得分越高说明你忧郁症越加严重</p><p><br/></p>', '2019-04-27 20:54:01');
